Series Name,Series Code,Country Name,Country Code,2010 [YR2010],2017 [YR2017],2018 [YR2018],2020 [YR2020]
"Government expenditure on education, total (% of GDP)",SE.XPD.TOTL.GD.ZS,Afghanistan,AFG,3.4794499874115,4.34319019317627,..,..
"Government expenditure on education, total (% of GDP)",SE.XPD.TOTL.GD.ZS,Albania,ALB,3.41307497024536,3.61172008514404,3.15294480323792,3.3422999382019
"Government expenditure on education, total (% of GDP)",SE.XPD.TOTL.GD.ZS,Algeria,DZA,..,5.73482370376587,5.81275129318237,6.1939172744751
"Government expenditure on education, total (% of GDP)",SE.XPD.TOTL.GD.ZS,American Samoa,ASM,..,..,..,..
"Government expenditure on education, total (% of GDP)",SE.XPD.TOTL.GD.ZS,Andorra,AND,2.97662997245789,3.21708989143372,3.2467200756073,2.63213038444519
"Government expenditure on education, total (% of GDP)",SE.XPD.TOTL.GD.ZS,Angola,AGO,3.42131996154785,2.46687889099121,2.18351292610168,2.6674473285675
"Government expenditure on education, total (% of GDP)",SE.XPD.TOTL.GD.ZS,Antigua and Barbuda,ATG,..,2.36592817306519,2.34948754310608,2.99340319633484
"Government expenditure on education, total (% of GDP)",SE.XPD.TOTL.GD.ZS,Argentina,ARG,5.01971006393433,5.45431995391846,4.87773990631104,5.27689981460571
"Government expenditure on education, total (% of GDP)",SE.XPD.TOTL.GD.ZS,Armenia,ARM,3.24900007247925,2.70759010314941,2.25586795806885,2.70555996894836
"Government expenditure on education, total (% of GDP)",SE.XPD.TOTL.GD.ZS,Aruba,ABW,6.75109004974365,4.45618057250977,4.54875898361206,..
"Government expenditure on education, total (% of GDP)",SE.XPD.TOTL.GD.ZS,Australia,AUS,6.15043640136719,5.32125568389893,5.40967607498169,5.37828016281128
"Government expenditure on education, total (% of GDP)",SE.XPD.TOTL.GD.ZS,Austria,AUT,5.70047998428345,5.37159013748169,5.22655010223389,5.57126998901367
"Government expenditure on education, total (% of GDP)",SE.XPD.TOTL.GD.ZS,Azerbaijan,AZE,2.78062009811401,2.47381997108459,2.45543003082275,4.33204984664917
"Government expenditure on education, total (% of GDP)",SE.XPD.TOTL.GD.ZS,"Bahamas, The",BHS,2.45165991783142,2.69140648841858,2.48519492149353,3.7900116443634
"Government expenditure on education, total (% of GDP)",SE.XPD.TOTL.GD.ZS,Bahrain,BHR,2.35114979743958,2.32781004905701,2.38893985748291,2.55237460136414
"Government expenditure on education, total (% of GDP)",SE.XPD.TOTL.GD.ZS,Bangladesh,BGD,..,1.85040032863617,1.65589129924774,1.76528060436249
"Government expenditure on education, total (% of GDP)",SE.XPD.TOTL.GD.ZS,Barbados,BRB,6.05261993408203,4.34997987747192,5.13313722610474,4.16860008239746
"Government expenditure on education, total (% of GDP)",SE.XPD.TOTL.GD.ZS,Belarus,BLR,5.22003984451294,4.79500007629395,5.38110017776489,4.86263990402222
"Government expenditure on education, total (% of GDP)",SE.XPD.TOTL.GD.ZS,Belgium,BEL,6.44259023666382,6.42534017562866,6.38107013702393,6.80185985565186
"Government expenditure on education, total (% of GDP)",SE.XPD.TOTL.GD.ZS,Belize,BLZ,5.26443004608154,5.94967985153198,6.12682008743286,5.2163200378418
"Government expenditure on education, total (% of GDP)",SE.XPD.TOTL.GD.ZS,Benin,BEN,3.67997002601624,3.53558993339539,2.93161988258362,3.09441518783569
"Government expenditure on education, total (% of GDP)",SE.XPD.TOTL.GD.ZS,Bermuda,BMU,2.30668997764587,1.32495999336243,1.93595468997955,1.89008772373199
"Government expenditure on education, total (% of GDP)",SE.XPD.TOTL.GD.ZS,Bhutan,BTN,3.82318997383118,6.22741651535034,5.74371290206909,5.54341268539429
"Government expenditure on education, total (% of GDP)",SE.XPD.TOTL.GD.ZS,Bolivia,BOL,6.97379016876221,8.09724044799805,8.01587009429932,8.43710994720459
"Government expenditure on education, total (% of GDP)",SE.XPD.TOTL.GD.ZS,Bosnia and Herzegovina,BIH,..,2.83868432044983,3.89297008514404,3.01954078674316
"Government expenditure on education, total (% of GDP)",SE.XPD.TOTL.GD.ZS,Botswana,BWA,..,7.80924463272095,7.90538597106934,8.05833625793457
"Government expenditure on education, total (% of GDP)",SE.XPD.TOTL.GD.ZS,Brazil,BRA,5.64879989624023,6.32047986984253,6.08851003646851,5.77150011062622
"Government expenditure on education, total (% of GDP)",SE.XPD.TOTL.GD.ZS,British Virgin Islands,VGB,3.48701000213623,2.45708990097046,2.42555999755859,2.70538997650146
"Government expenditure on education, total (% of GDP)",SE.XPD.TOTL.GD.ZS,Brunei Darussalam,BRN,2.04661011695862,..,..,..
"Government expenditure on education, total (% of GDP)",SE.XPD.TOTL.GD.ZS,Bulgaria,BGR,3.85746002197266,4.07755994796753,4.04709005355835,4.50513982772827
"Government expenditure on education, total (% of GDP)",SE.XPD.TOTL.GD.ZS,Burkina Faso,BFA,3.50222992897034,5.62846994400024,5.488609790802,5.15086507797241
"Government expenditure on education, total (% of GDP)",SE.XPD.TOTL.GD.ZS,Burundi,BDI,6.67801666259766,5.00918865203857,5.4135274887085,5.32158517837524
"Government expenditure on education, total (% of GDP)",SE.XPD.TOTL.GD.ZS,Cabo Verde,CPV,5.07658004760742,4.59278011322021,4.78792285919189,..
"Government expenditure on education, total (% of GDP)",SE.XPD.TOTL.GD.ZS,Cambodia,KHM,1.53378999233246,2.09646058082581,2.44785928726196,3.0023500919342
"Government expenditure on education, total (% of GDP)",SE.XPD.TOTL.GD.ZS,Cameroon,CMR,2.84803009033203,3.05962991714478,3.03096008300781,3.10390138626099
"Government expenditure on education, total (% of GDP)",SE.XPD.TOTL.GD.ZS,Canada,CAN,5.356369972229,4.95996999740601,4.8889799118042,4.88794994354248
"Government expenditure on education, total (% of GDP)",SE.XPD.TOTL.GD.ZS,Cayman Islands,CYM,..,..,2.16376948356628,1.45542001724243
"Government expenditure on education, total (% of GDP)",SE.XPD.TOTL.GD.ZS,Central African Republic,CAF,1.11760997772217,1.75365018844604,1.56587600708008,2.14468050003052
"Government expenditure on education, total (% of GDP)",SE.XPD.TOTL.GD.ZS,Chad,TCD,1.98194003105164,2.45481991767883,2.25947499275208,2.73960399627686
"Government expenditure on education, total (% of GDP)",SE.XPD.TOTL.GD.ZS,Channel Islands,CHI,..,..,..,..
"Government expenditure on education, total (% of GDP)",SE.XPD.TOTL.GD.ZS,Chile,CHL,4.18953990936279,5.43278980255127,5.473060131073,5.62993001937866
"Government expenditure on education, total (% of GDP)",SE.XPD.TOTL.GD.ZS,China,CHN,3.55966520309448,4.11133146286011,4.02442407608032,4.2333812713623
"Government expenditure on education, total (% of GDP)",SE.XPD.TOTL.GD.ZS,Colombia,COL,..,..,..,..
"Government expenditure on education, total (% of GDP)",SE.XPD.TOTL.GD.ZS,Comoros,COM,..,..,..,2.37805080413818
"Government expenditure on education, total (% of GDP)",SE.XPD.TOTL.GD.ZS,"Congo, Dem. Rep.",COD,1.5249799489975,1.45494997501373,..,2.622638463974
"Government expenditure on education, total (% of GDP)",SE.XPD.TOTL.GD.ZS,"Congo, Rep.",COG,5.6867299079895,4.17236995697021,2.77167010307312,4.61901378631592
"Government expenditure on education, total (% of GDP)",SE.XPD.TOTL.GD.ZS,Costa Rica,CRI,6.56574010848999,7.06980991363525,6.76991987228394,6.62898015975952
"Government expenditure on education, total (% of GDP)",SE.XPD.TOTL.GD.ZS,Cote d'Ivoire,CIV,3.24651002883911,3.73654007911682,3.21164989471436,3.78674006462097
"Government expenditure on education, total (% of GDP)",SE.XPD.TOTL.GD.ZS,Croatia,HRV,4.21689987182617,3.86269998550415,3.91209006309509,4.38901996612549
"Government expenditure on education, total (% of GDP)",SE.XPD.TOTL.GD.ZS,Cuba,CUB,12.8373098373413,..,..,..
"Government expenditure on education, total (% of GDP)",SE.XPD.TOTL.GD.ZS,Curacao,CUW,..,..,..,..
"Government expenditure on education, total (% of GDP)",SE.XPD.TOTL.GD.ZS,Cyprus,CYP,6.52559995651245,5.69961977005005,5.0253529548645,5.63694000244141
"Government expenditure on education, total (% of GDP)",SE.XPD.TOTL.GD.ZS,Czechia,CZE,4.03350019454956,3.80615997314453,4.26605987548828,4.72159004211426
"Government expenditure on education, total (% of GDP)",SE.XPD.TOTL.GD.ZS,Denmark,DNK,8.55955028533936,7.11585998535156,7.29690980911255,7.38354015350342
"Government expenditure on education, total (% of GDP)",SE.XPD.TOTL.GD.ZS,Djibouti,DJI,4.49022006988525,3.73344993591309,3.75143003463745,..
"Government expenditure on education, total (% of GDP)",SE.XPD.TOTL.GD.ZS,Dominica,DMA,..,4.76675081253052,5.15360450744629,4.69630002975464
"Government expenditure on education, total (% of GDP)",SE.XPD.TOTL.GD.ZS,Dominican Republic,DOM,1.88728785514832,3.9202675819397,3.91821074485779,4.51769828796387
"Government expenditure on education, total (% of GDP)",SE.XPD.TOTL.GD.ZS,Ecuador,ECU,4.60028982162476,4.6142578125,4.62145519256592,4.26103019714355
"Government expenditure on education, total (% of GDP)",SE.XPD.TOTL.GD.ZS,"Egypt, Arab Rep.",EGY,3.54265189170837,..,..,..
"Government expenditure on education, total (% of GDP)",SE.XPD.TOTL.GD.ZS,El Salvador,SLV,4.04807996749878,3.7252299785614,3.60575008392334,3.66088008880615
"Government expenditure on education, total (% of GDP)",SE.XPD.TOTL.GD.ZS,Equatorial Guinea,GNQ,..,..,..,..
"Government expenditure on education, total (% of GDP)",SE.XPD.TOTL.GD.ZS,Eritrea,ERI,..,..,..,..
"Government expenditure on education, total (% of GDP)",SE.XPD.TOTL.GD.ZS,Estonia,EST,5.51778984069824,4.96131992340088,5.23997020721436,5.52696990966797
"Government expenditure on education, total (% of GDP)",SE.XPD.TOTL.GD.ZS,Eswatini,SWZ,6.11837005615234,6.17791414260864,5.73687362670898,5.36010456085205
"Government expenditure on education, total (% of GDP)",SE.XPD.TOTL.GD.ZS,Ethiopia,ETH,4.49659013748169,5.49905061721802,5.22011184692383,4.09056520462036
"Government expenditure on education, total (% of GDP)",SE.XPD.TOTL.GD.ZS,Faroe Islands,FRO,..,..,..,..
"Government expenditure on education, total (% of GDP)",SE.XPD.TOTL.GD.ZS,Fiji,FJI,..,4.65119171142578,4.79706048965454,5.80519533157349
"Government expenditure on education, total (% of GDP)",SE.XPD.TOTL.GD.ZS,Finland,FIN,6.50444984436035,6.36311006546021,6.27557992935181,6.6349401473999
"Government expenditure on education, total (% of GDP)",SE.XPD.TOTL.GD.ZS,France,FRA,5.64279174804688,5.45160007476807,5.40716981887817,5.65981006622314
"Government expenditure on education, total (% of GDP)",SE.XPD.TOTL.GD.ZS,French Polynesia,PYF,..,..,..,..
"Government expenditure on education, total (% of GDP)",SE.XPD.TOTL.GD.ZS,Gabon,GAB,3.07808995246887,3.55570793151855,3.07154297828674,3.39874076843262
"Government expenditure on education, total (% of GDP)",SE.XPD.TOTL.GD.ZS,"Gambia, The",GMB,2.65551996231079,2.45919442176819,2.36544394493103,2.88734579086304
"Government expenditure on education, total (% of GDP)",SE.XPD.TOTL.GD.ZS,Georgia,GEO,2.80364799499512,3.52442002296448,3.46094989776611,3.8498592376709
"Government expenditure on education, total (% of GDP)",SE.XPD.TOTL.GD.ZS,Germany,DEU,5.09588003158569,4.87182998657227,4.97933006286621,5.59038019180298
"Government expenditure on education, total (% of GDP)",SE.XPD.TOTL.GD.ZS,Ghana,GHA,5.54059982299805,3.18611741065979,3.01595592498779,3.40915989875793
"Government expenditure on education, total (% of GDP)",SE.XPD.TOTL.GD.ZS,Gibraltar,GIB,..,..,..,..
"Government expenditure on education, total (% of GDP)",SE.XPD.TOTL.GD.ZS,Greece,GRC,4.14056491851807,3.47708988189697,3.59734010696411,4.49500036239624
"Government expenditure on education, total (% of GDP)",SE.XPD.TOTL.GD.ZS,Greenland,GRL,..,..,..,..
"Government expenditure on education, total (% of GDP)",SE.XPD.TOTL.GD.ZS,Grenada,GRD,5.07508230209351,3.17379999160767,3.55919337272644,..
"Government expenditure on education, total (% of GDP)",SE.XPD.TOTL.GD.ZS,Guam,GUM,..,..,..,..
"Government expenditure on education, total (% of GDP)",SE.XPD.TOTL.GD.ZS,Guatemala,GTM,2.8486499786377,2.95009994506836,3.13193988800049,3.29503011703491
"Government expenditure on education, total (% of GDP)",SE.XPD.TOTL.GD.ZS,Guinea,GIN,2.55118989944458,2.3203399181366,2.38432002067566,2.43267011642456
"Government expenditure on education, total (% of GDP)",SE.XPD.TOTL.GD.ZS,Guinea-Bissau,GNB,1.68220996856689,..,..,..
"Government expenditure on education, total (% of GDP)",SE.XPD.TOTL.GD.ZS,Guyana,GUY,2.40938997268677,4.6647801399231,4.45058012008667,..
"Government expenditure on education, total (% of GDP)",SE.XPD.TOTL.GD.ZS,Haiti,HTI,..,1.49846994876862,1.63715994358063,1.371013879776
"Government expenditure on education, total (% of GDP)",SE.XPD.TOTL.GD.ZS,Honduras,HND,..,5.74434375762939,6.05646991729736,5.97629117965698
"Government expenditure on education, total (% of GDP)",SE.XPD.TOTL.GD.ZS,"Hong Kong SAR, China",HKG,3.51003003120422,3.30989003181458,3.32624006271362,4.40562009811401
"Government expenditure on education, total (% of GDP)",SE.XPD.TOTL.GD.ZS,Hungary,HUN,4.72375011444092,4.64757013320923,4.62343978881836,4.1535701751709
"Government expenditure on education, total (% of GDP)",SE.XPD.TOTL.GD.ZS,Iceland,ISL,6.9442400932312,7.58385992050171,7.56349992752075,8.58382987976074
"Government expenditure on education, total (% of GDP)",SE.XPD.TOTL.GD.ZS,India,IND,3.377690076828,4.30639696121216,4.3769326210022,4.04014158248901
"Government expenditure on education, total (% of GDP)",SE.XPD.TOTL.GD.ZS,Indonesia,IDN,2.81227993965149,1.05324387550354,0.99443644285202,1.01593220233917
"Government expenditure on education, total (% of GDP)",SE.XPD.TOTL.GD.ZS,"Iran, Islamic Rep.",IRN,3.70918011665344,3.45956993103027,3.61979007720947,3.20495009422302
"Government expenditure on education, total (% of GDP)",SE.XPD.TOTL.GD.ZS,Iraq,IRQ,..,..,..,..
"Government expenditure on education, total (% of GDP)",SE.XPD.TOTL.GD.ZS,Ireland,IRL,6.05033016204834,3.49044990539551,3.37838006019592,3.25081992149353
"Government expenditure on education, total (% of GDP)",SE.XPD.TOTL.GD.ZS,Isle of Man,IMN,..,..,..,..
"Government expenditure on education, total (% of GDP)",SE.XPD.TOTL.GD.ZS,Israel,ISR,5.43390989303589,6.00771999359131,6.06284999847412,6.47881984710693
"Government expenditure on education, total (% of GDP)",SE.XPD.TOTL.GD.ZS,Italy,ITA,4.33411979675293,4.04493999481201,4.25614023208618,4.44135999679565
"Government expenditure on education, total (% of GDP)",SE.XPD.TOTL.GD.ZS,Jamaica,JAM,6.37060022354126,5.26016998291016,5.41380977630615,5.61749505996704
"Government expenditure on education, total (% of GDP)",SE.XPD.TOTL.GD.ZS,Japan,JPN,3.59951996803284,3.13057994842529,3.07782006263733,3.30628991127014
"Government expenditure on education, total (% of GDP)",SE.XPD.TOTL.GD.ZS,Jordan,JOR,..,3.21305990219116,2.95461988449097,..
"Government expenditure on education, total (% of GDP)",SE.XPD.TOTL.GD.ZS,Kazakhstan,KAZ,3.58735489845276,3.39102387428284,3.15191626548767,4.44620370864868
"Government expenditure on education, total (% of GDP)",SE.XPD.TOTL.GD.ZS,Kenya,KEN,4.81548976898193,4.26874256134033,5.32192516326904,5.04574871063232
"Government expenditure on education, total (% of GDP)",SE.XPD.TOTL.GD.ZS,Kiribati,KIR,..,13.5749998092651,15.3769998550415,..
"Government expenditure on education, total (% of GDP)",SE.XPD.TOTL.GD.ZS,"Korea, Dem. People's Rep.",PRK,..,..,..,..
"Government expenditure on education, total (% of GDP)",SE.XPD.TOTL.GD.ZS,"Korea, Rep.",KOR,3.52756690979004,4.32823991775513,4.45807981491089,4.8017201423645
"Government expenditure on education, total (% of GDP)",SE.XPD.TOTL.GD.ZS,Kosovo,XKX,..,..,..,..
"Government expenditure on education, total (% of GDP)",SE.XPD.TOTL.GD.ZS,Kuwait,KWT,..,6.35444211959839,6.39165258407593,6.24513053894043
"Government expenditure on education, total (% of GDP)",SE.XPD.TOTL.GD.ZS,Kyrgyz Republic,KGZ,5.81883239746094,6.02618980407715,5.55267000198364,6.61971664428711
"Government expenditure on education, total (% of GDP)",SE.XPD.TOTL.GD.ZS,Lao PDR,LAO,1.70978999137878,2.4979727268219,2.33501219749451,1.91597270965576
"Government expenditure on education, total (% of GDP)",SE.XPD.TOTL.GD.ZS,Latvia,LVA,5.03881978988647,4.36671018600464,4.24356985092163,4.85059022903442
"Government expenditure on education, total (% of GDP)",SE.XPD.TOTL.GD.ZS,Lebanon,LBN,1.61330997943878,2.13748621940613,2.52722072601318,1.66996812820435
"Government expenditure on education, total (% of GDP)",SE.XPD.TOTL.GD.ZS,Lesotho,LSO,..,7.23117733001709,7.40291881561279,6.99799251556396
"Government expenditure on education, total (% of GDP)",SE.XPD.TOTL.GD.ZS,Liberia,LBR,..,2.24632501602173,2.41389799118042,2.13601422309875
"Government expenditure on education, total (% of GDP)",SE.XPD.TOTL.GD.ZS,Libya,LBY,..,..,..,..
"Government expenditure on education, total (% of GDP)",SE.XPD.TOTL.GD.ZS,Liechtenstein,LIE,..,..,..,..
"Government expenditure on education, total (% of GDP)",SE.XPD.TOTL.GD.ZS,Lithuania,LTU,5.29786014556885,3.81220006942749,3.89289999008179,4.50859022140503
"Government expenditure on education, total (% of GDP)",SE.XPD.TOTL.GD.ZS,Luxembourg,LUX,5.02103185653687,3.48645997047424,3.66211009025574,3.85349988937378
"Government expenditure on education, total (% of GDP)",SE.XPD.TOTL.GD.ZS,"Macao SAR, China",MAC,2.61848998069763,2.70949006080627,2.7334098815918,6.38948011398315
"Government expenditure on education, total (% of GDP)",SE.XPD.TOTL.GD.ZS,Madagascar,MDG,2.58523440361023,2.70137405395508,3.04906916618347,3.25443387031555
"Government expenditure on education, total (% of GDP)",SE.XPD.TOTL.GD.ZS,Malawi,MWI,2.43236994743347,3.57505488395691,3.32295989990234,..
"Government expenditure on education, total (% of GDP)",SE.XPD.TOTL.GD.ZS,Malaysia,MYS,4.96645021438599,4.18488502502441,4.13194847106934,4.51888704299927
"Government expenditure on education, total (% of GDP)",SE.XPD.TOTL.GD.ZS,Maldives,MDV,3.63328003883362,3.8226854801178,3.85681772232056,5.84760808944702
"Government expenditure on education, total (% of GDP)",SE.XPD.TOTL.GD.ZS,Mali,MLI,3.34388995170593,3.78976988792419,3.55817008018494,3.95445990562439
"Government expenditure on education, total (% of GDP)",SE.XPD.TOTL.GD.ZS,Malta,MLT,6.25004005432129,4.56079006195068,4.92361116409302,5.6448712348938
"Government expenditure on education, total (% of GDP)",SE.XPD.TOTL.GD.ZS,Marshall Islands,MHL,..,..,..,..
"Government expenditure on education, total (% of GDP)",SE.XPD.TOTL.GD.ZS,Mauritania,MRT,..,..,..,1.802649974823
"Government expenditure on education, total (% of GDP)",SE.XPD.TOTL.GD.ZS,Mauritius,MUS,3.55147004127502,4.87887001037598,4.67447996139526,4.35243988037109
"Government expenditure on education, total (% of GDP)",SE.XPD.TOTL.GD.ZS,Mexico,MEX,4.93695020675659,4.39752006530762,4.13945007324219,4.50059986114502
"Government expenditure on education, total (% of GDP)",SE.XPD.TOTL.GD.ZS,"Micronesia, Fed. Sts.",FSM,..,12.4160003662109,9.69699954986572,10.5389995574951
"Government expenditure on education, total (% of GDP)",SE.XPD.TOTL.GD.ZS,Moldova,MDA,7.5922999382019,5.71016979217529,5.53887987136841,6.6012601852417
"Government expenditure on education, total (% of GDP)",SE.XPD.TOTL.GD.ZS,Monaco,MCO,1.31735002994537,1.45792996883392,..,..
"Government expenditure on education, total (% of GDP)",SE.XPD.TOTL.GD.ZS,Mongolia,MNG,4.64510011672974,4.31822395324707,3.99742722511292,4.66345500946045
"Government expenditure on education, total (% of GDP)",SE.XPD.TOTL.GD.ZS,Montenegro,MNE,..,..,..,..
"Government expenditure on education, total (% of GDP)",SE.XPD.TOTL.GD.ZS,Morocco,MAR,..,4.73564958572388,4.96022701263428,6.28428268432617
"Government expenditure on education, total (% of GDP)",SE.XPD.TOTL.GD.ZS,Mozambique,MOZ,5.39052867889404,5.48664999008179,5.38976001739502,6.64256286621094
"Government expenditure on education, total (% of GDP)",SE.XPD.TOTL.GD.ZS,Myanmar,MMR,..,2.16652989387512,1.99249005317688,..
"Government expenditure on education, total (% of GDP)",SE.XPD.TOTL.GD.ZS,Namibia,NAM,8.24330043792725,9.70867252349854,8.88112258911133,9.27799892425537
"Government expenditure on education, total (% of GDP)",SE.XPD.TOTL.GD.ZS,Nauru,NRU,..,6.81056642532349,..,6.09919404983521
"Government expenditure on education, total (% of GDP)",SE.XPD.TOTL.GD.ZS,Nepal,NPL,3.63172006607056,3.52892374992371,3.66440558433533,4.21106672286987
"Government expenditure on education, total (% of GDP)",SE.XPD.TOTL.GD.ZS,Netherlands,NLD,5.48908996582031,5.17509984970093,5.35764980316162,5.42381000518799
"Government expenditure on education, total (% of GDP)",SE.XPD.TOTL.GD.ZS,New Caledonia,NCL,..,..,..,..
"Government expenditure on education, total (% of GDP)",SE.XPD.TOTL.GD.ZS,New Zealand,NZL,6.59741258621216,5.28000020980835,5.19308996200562,5.65149021148682
"Government expenditure on education, total (% of GDP)",SE.XPD.TOTL.GD.ZS,Nicaragua,NIC,4.48424005508423,4.35767984390259,3.57310891151428,4.58156108856201
"Government expenditure on education, total (% of GDP)",SE.XPD.TOTL.GD.ZS,Niger,NER,2.7219500541687,2.57818007469177,3.44956994056702,3.81920099258423
"Government expenditure on education, total (% of GDP)",SE.XPD.TOTL.GD.ZS,Nigeria,NGA,0.496685653924942,0.396354019641876,0.419998496770859,0.359637647867203
"Government expenditure on education, total (% of GDP)",SE.XPD.TOTL.GD.ZS,North Macedonia,MKD,..,..,..,..
"Government expenditure on education, total (% of GDP)",SE.XPD.TOTL.GD.ZS,Northern Mariana Islands,MNP,..,..,..,..
"Government expenditure on education, total (% of GDP)",SE.XPD.TOTL.GD.ZS,Norway,NOR,6.71042013168335,7.84598016738892,7.59563016891479,8.3728199005127
"Government expenditure on education, total (% of GDP)",SE.XPD.TOTL.GD.ZS,Oman,OMN,..,5.99594020843506,4.58565998077393,6.87769985198975
"Government expenditure on education, total (% of GDP)",SE.XPD.TOTL.GD.ZS,Pakistan,PAK,2.05268001556396,2.13665676116943,2.33216953277588,2.05718231201172
"Government expenditure on education, total (% of GDP)",SE.XPD.TOTL.GD.ZS,Palau,PLW,..,..,..,3.47118067741394
"Government expenditure on education, total (% of GDP)",SE.XPD.TOTL.GD.ZS,Panama,PAN,..,3.49375009536743,3.4535698890686,4.30284023284912
"Government expenditure on education, total (% of GDP)",SE.XPD.TOTL.GD.ZS,Papua New Guinea,PNG,..,1.96493005752563,1.8748300075531,1.49800002574921
"Government expenditure on education, total (% of GDP)",SE.XPD.TOTL.GD.ZS,Paraguay,PRY,2.7707200050354,3.09062075614929,3.29619598388672,3.93615007400513
"Government expenditure on education, total (% of GDP)",SE.XPD.TOTL.GD.ZS,Peru,PER,2.86730003356934,3.93130993843079,3.71392011642456,4.25937986373901
"Government expenditure on education, total (% of GDP)",SE.XPD.TOTL.GD.ZS,Philippines,PHL,..,3.9638409614563,3.85502767562866,3.85829043388367
"Government expenditure on education, total (% of GDP)",SE.XPD.TOTL.GD.ZS,Poland,POL,5.10705995559692,4.57464981079102,4.60506010055542,4.85265016555786
"Government expenditure on education, total (% of GDP)",SE.XPD.TOTL.GD.ZS,Portugal,PRT,5.41248989105225,5.0156102180481,4.67515993118286,4.87656021118164
"Government expenditure on education, total (% of GDP)",SE.XPD.TOTL.GD.ZS,Puerto Rico,PRI,..,..,..,..
"Government expenditure on education, total (% of GDP)",SE.XPD.TOTL.GD.ZS,Qatar,QAT,4.53965997695923,2.96745991706848,..,3.2336699962616
"Government expenditure on education, total (% of GDP)",SE.XPD.TOTL.GD.ZS,Romania,ROU,3.41717004776001,3.11820006370544,3.31918001174927,3.58926010131836
"Government expenditure on education, total (% of GDP)",SE.XPD.TOTL.GD.ZS,Russian Federation,RUS,3.8476243019104,4.68990993499756,4.67819976806641,4.01641845703125
"Government expenditure on education, total (% of GDP)",SE.XPD.TOTL.GD.ZS,Rwanda,RWA,4.63126993179321,3.1247398853302,3.07375001907349,3.33394289016724
"Government expenditure on education, total (% of GDP)",SE.XPD.TOTL.GD.ZS,Samoa,WSM,..,3.96231913566589,4.26097393035889,4.48100519180298
"Government expenditure on education, total (% of GDP)",SE.XPD.TOTL.GD.ZS,San Marino,SMR,2.62883996963501,3.36997008323669,3.55516004562378,3.4246199131012
"Government expenditure on education, total (% of GDP)",SE.XPD.TOTL.GD.ZS,Sao Tome and Principe,STP,9.9882698059082,5.87489986419678,5.62454986572266,5.0152382850647
"Government expenditure on education, total (% of GDP)",SE.XPD.TOTL.GD.ZS,Saudi Arabia,SAU,..,..,..,..
"Government expenditure on education, total (% of GDP)",SE.XPD.TOTL.GD.ZS,Senegal,SEN,0.544770002365112,4.74007987976074,5.11019992828369,5.6869797706604
"Government expenditure on education, total (% of GDP)",SE.XPD.TOTL.GD.ZS,Serbia,SRB,3.90093231201172,3.71016001701355,3.58231997489929,..
"Government expenditure on education, total (% of GDP)",SE.XPD.TOTL.GD.ZS,Seychelles,SYC,3.54826331138611,4.23536539077759,4.35177803039551,4.89120054244995
"Government expenditure on education, total (% of GDP)",SE.XPD.TOTL.GD.ZS,Sierra Leone,SLE,2.58851051330566,4.66086006164551,6.98962783813477,8.80954837799072
"Government expenditure on education, total (% of GDP)",SE.XPD.TOTL.GD.ZS,Singapore,SGP,3.08044004440308,2.75684809684753,2.85660004615784,2.6869900226593
"Government expenditure on education, total (% of GDP)",SE.XPD.TOTL.GD.ZS,Sint Maarten (Dutch part),SXM,..,..,..,..
"Government expenditure on education, total (% of GDP)",SE.XPD.TOTL.GD.ZS,Slovak Republic,SVK,4.0447998046875,3.93220996856689,3.95290994644165,4.76427984237671
"Government expenditure on education, total (% of GDP)",SE.XPD.TOTL.GD.ZS,Slovenia,SVN,5.54546022415161,4.78053998947144,4.93455982208252,5.38373994827271
"Government expenditure on education, total (% of GDP)",SE.XPD.TOTL.GD.ZS,Solomon Islands,SLB,7.47837018966675,..,..,9.64354610443115
"Government expenditure on education, total (% of GDP)",SE.XPD.TOTL.GD.ZS,Somalia,SOM,..,..,..,..
"Government expenditure on education, total (% of GDP)",SE.XPD.TOTL.GD.ZS,South Africa,ZAF,5.13497018814087,5.59867000579834,5.64401006698608,6.17067003250122
"Government expenditure on education, total (% of GDP)",SE.XPD.TOTL.GD.ZS,South Sudan,SSD,1.04533004760742,..,..,..
"Government expenditure on education, total (% of GDP)",SE.XPD.TOTL.GD.ZS,Spain,ESP,4.85608005523682,4.20552015304565,4.1794900894165,4.89540004730225
"Government expenditure on education, total (% of GDP)",SE.XPD.TOTL.GD.ZS,Sri Lanka,LKA,1.66177999973297,2.59316992759705,1.98781001567841,1.55792391300201
"Government expenditure on education, total (% of GDP)",SE.XPD.TOTL.GD.ZS,St. Kitts and Nevis,KNA,2.94405817985535,3.15901589393616,3.03419542312622,3.10357975959778
"Government expenditure on education, total (% of GDP)",SE.XPD.TOTL.GD.ZS,St. Lucia,LCA,3.4828999042511,3.63334321975708,3.33277988433838,3.62086009979248
"Government expenditure on education, total (% of GDP)",SE.XPD.TOTL.GD.ZS,St. Martin (French part),MAF,..,..,..,..
"Government expenditure on education, total (% of GDP)",SE.XPD.TOTL.GD.ZS,St. Vincent and the Grenadines,VCT,4.80839014053345,5.37974977493286,6.16111660003662,5.46375846862793
"Government expenditure on education, total (% of GDP)",SE.XPD.TOTL.GD.ZS,Sudan,SDN,..,..,..,..
"Government expenditure on education, total (% of GDP)",SE.XPD.TOTL.GD.ZS,Suriname,SUR,..,5.45861291885376,4.92259359359741,4.58425712585449
"Government expenditure on education, total (% of GDP)",SE.XPD.TOTL.GD.ZS,Sweden,SWE,6.52268981933594,7.56883001327515,7.64084005355835,7.92561006546021
"Government expenditure on education, total (% of GDP)",SE.XPD.TOTL.GD.ZS,Switzerland,CHE,4.80210018157959,5.01765012741089,4.93008995056152,5.27676010131836
"Government expenditure on education, total (% of GDP)",SE.XPD.TOTL.GD.ZS,Syrian Arab Republic,SYR,..,..,..,..
"Government expenditure on education, total (% of GDP)",SE.XPD.TOTL.GD.ZS,Tajikistan,TJK,4.00675010681152,5.54471778869629,5.38508749008179,5.73725271224976
"Government expenditure on education, total (% of GDP)",SE.XPD.TOTL.GD.ZS,Tanzania,TZA,4.54169988632202,4.40038347244263,3.96343588829041,3.23097252845764
"Government expenditure on education, total (% of GDP)",SE.XPD.TOTL.GD.ZS,Thailand,THA,3.5084400177002,3.46532154083252,3.19769406318665,3.15314173698425
"Government expenditure on education, total (% of GDP)",SE.XPD.TOTL.GD.ZS,Timor-Leste,TLS,11.1065797805786,5.20052242279053,4.87440967559814,3.65287351608276
"Government expenditure on education, total (% of GDP)",SE.XPD.TOTL.GD.ZS,Togo,TGO,2.95977997779846,3.76526999473572,4.09162998199463,4.09133672714233
"Government expenditure on education, total (% of GDP)",SE.XPD.TOTL.GD.ZS,Tonga,TON,..,5.05922508239746,4.96945524215698,4.86051654815674
"Government expenditure on education, total (% of GDP)",SE.XPD.TOTL.GD.ZS,Trinidad and Tobago,TTO,4.21155452728271,3.52995157241821,3.64017295837402,4.2576699256897
"Government expenditure on education, total (% of GDP)",SE.XPD.TOTL.GD.ZS,Tunisia,TUN,5.96306991577148,..,..,7.26507568359375
"Government expenditure on education, total (% of GDP)",SE.XPD.TOTL.GD.ZS,Turkiye,TUR,3.7870135307312,4.32368993759155,4.29729986190796,4.03382015228271
"Government expenditure on education, total (% of GDP)",SE.XPD.TOTL.GD.ZS,Turkmenistan,TKM,..,..,..,3.76267004013062
"Government expenditure on education, total (% of GDP)",SE.XPD.TOTL.GD.ZS,Turks and Caicos Islands,TCA,..,2.47278213500977,2.86723041534424,2.42074680328369
"Government expenditure on education, total (% of GDP)",SE.XPD.TOTL.GD.ZS,Tuvalu,TUV,..,..,..,..
"Government expenditure on education, total (% of GDP)",SE.XPD.TOTL.GD.ZS,Uganda,UGA,1.72739994525909,2.25363993644714,2.13052010536194,2.57222175598145
"Government expenditure on education, total (% of GDP)",SE.XPD.TOTL.GD.ZS,Ukraine,UKR,7.39708471298218,5.41707992553711,5.3199200630188,5.38231992721558
"Government expenditure on education, total (% of GDP)",SE.XPD.TOTL.GD.ZS,United Arab Emirates,ARE,..,..,..,3.98417997360229
"Government expenditure on education, total (% of GDP)",SE.XPD.TOTL.GD.ZS,United Kingdom,GBR,5.69867992401123,5.45256996154785,5.20437002182007,5.43935012817383
"Government expenditure on education, total (% of GDP)",SE.XPD.TOTL.GD.ZS,United States,USA,6.6945538520813,5.09296989440918,4.89502000808716,5.39998006820679
"Government expenditure on education, total (% of GDP)",SE.XPD.TOTL.GD.ZS,Uruguay,URY,..,4.41787004470825,4.60362005233765,4.54292011260986
"Government expenditure on education, total (% of GDP)",SE.XPD.TOTL.GD.ZS,Uzbekistan,UZB,..,5.0333194732666,4.83589315414429,4.94803667068481
"Government expenditure on education, total (% of GDP)",SE.XPD.TOTL.GD.ZS,Vanuatu,VUT,..,4.5334300994873,8.60634708404541,2.17358994483948
"Government expenditure on education, total (% of GDP)",SE.XPD.TOTL.GD.ZS,"Venezuela, RB",VEN,..,..,..,..
"Government expenditure on education, total (% of GDP)",SE.XPD.TOTL.GD.ZS,Viet Nam,VNM,4.04593992233276,3.41865682601929,3.14502310752869,3.21652889251709
"Government expenditure on education, total (% of GDP)",SE.XPD.TOTL.GD.ZS,Virgin Islands (U.S.),VIR,..,..,..,..
"Government expenditure on education, total (% of GDP)",SE.XPD.TOTL.GD.ZS,West Bank and Gaza,PSE,6.19167995452881,4.72153997421265,..,..
"Government expenditure on education, total (% of GDP)",SE.XPD.TOTL.GD.ZS,"Yemen, Rep.",YEM,4.3922233581543,..,..,..
"Government expenditure on education, total (% of GDP)",SE.XPD.TOTL.GD.ZS,Zambia,ZMB,3.41600441932678,3.72964000701904,4.73974990844727,3.94964814186096
"Government expenditure on education, total (% of GDP)",SE.XPD.TOTL.GD.ZS,Zimbabwe,ZWE,1.54405999183655,5.81877994537354,2.05048990249634,..
"Government expenditure on education, total (% of GDP)",SE.XPD.TOTL.GD.ZS,Africa Eastern and Southern,AFE,4.02403008937836,4.87887001037598,4.97993087768555,4.35243988037109
"Government expenditure on education, total (% of GDP)",SE.XPD.TOTL.GD.ZS,Africa Western and Central,AFW,2.78499007225036,3.36085367202759,3.0234580039978,3.39874076843262
"Government expenditure on education, total (% of GDP)",SE.XPD.TOTL.GD.ZS,Arab World,ARB,..,..,..,..
"Government expenditure on education, total (% of GDP)",SE.XPD.TOTL.GD.ZS,Caribbean small states,CSS,..,..,..,..
"Government expenditure on education, total (% of GDP)",SE.XPD.TOTL.GD.ZS,Central Europe and the Baltics,CEB,4.72375011444092,4.07755994796753,4.24356985092163,4.72159004211426
"Government expenditure on education, total (% of GDP)",SE.XPD.TOTL.GD.ZS,Early-demographic dividend,EAR,3.89688181877136,3.93130993843079,3.68916285037994,4.09056520462036
"Government expenditure on education, total (% of GDP)",SE.XPD.TOTL.GD.ZS,East Asia & Pacific,EAS,3.55966520309448,3.44198918342591,3.26196706295014,3.65287351608276
"Government expenditure on education, total (% of GDP)",SE.XPD.TOTL.GD.ZS,East Asia & Pacific (excluding high income),EAP,3.55966520309448,3.44198918342591,3.17135858535767,3.21652889251709
"Government expenditure on education, total (% of GDP)",SE.XPD.TOTL.GD.ZS,East Asia & Pacific (IDA & IBRD countries),TEA,3.55966520309448,3.44198918342591,3.17135858535767,3.21652889251709
"Government expenditure on education, total (% of GDP)",SE.XPD.TOTL.GD.ZS,Euro area,EMU,5.45078992843628,4.82618498802186,4.80485987663269,5.13956999778748
"Government expenditure on education, total (% of GDP)",SE.XPD.TOTL.GD.ZS,Europe & Central Asia,ECS,5.09588003158569,4.68990993499756,4.67515993118286,4.86263990402222
"Government expenditure on education, total (% of GDP)",SE.XPD.TOTL.GD.ZS,Europe & Central Asia (excluding high income),ECA,3.84397292137146,4.01692497730255,4.095134973526,4.38912677764892
"Government expenditure on education, total (% of GDP)",SE.XPD.TOTL.GD.ZS,Europe & Central Asia (IDA & IBRD countries),TEC,3.85746002197266,4.07755994796753,4.04709005355835,4.38901996612549
"Government expenditure on education, total (% of GDP)",SE.XPD.TOTL.GD.ZS,European Union,EUU,5.29786014556885,4.64757013320923,4.62343978881836,4.87656021118164
"Government expenditure on education, total (% of GDP)",SE.XPD.TOTL.GD.ZS,Fragile and conflict affected situations,FCS,3.34388995170593,3.78976988792419,2.90131509304046,3.65287351608276
"Government expenditure on education, total (% of GDP)",SE.XPD.TOTL.GD.ZS,Heavily indebted poor countries (HIPC),HPC,3.24651002883911,3.72964000701904,3.32295989990234,3.59794998168945
"Government expenditure on education, total (% of GDP)",SE.XPD.TOTL.GD.ZS,High income,HIC,5.10146999359131,4.7352249622345,4.67515993118286,4.87656021118164
"Government expenditure on education, total (% of GDP)",SE.XPD.TOTL.GD.ZS,IBRD only,IBD,3.85746002197266,4.07755994796753,3.99742722511292,4.33204984664917
"Government expenditure on education, total (% of GDP)",SE.XPD.TOTL.GD.ZS,IDA & IBRD total,IBT,3.55966520309448,3.78976988792419,3.71392011642456,4.09056520462036
"Government expenditure on education, total (% of GDP)",SE.XPD.TOTL.GD.ZS,IDA blend,IDB,3.83175992965698,4.22055625915527,2.90131509304046,3.65287351608276
"Government expenditure on education, total (% of GDP)",SE.XPD.TOTL.GD.ZS,IDA only,IDX,3.10314500331878,3.55532240867615,3.38626492023468,3.40915989875793
"Government expenditure on education, total (% of GDP)",SE.XPD.TOTL.GD.ZS,IDA total,IDA,3.10314500331878,3.65234744548798,3.26730489730835,3.53101670742035
"Government expenditure on education, total (% of GDP)",SE.XPD.TOTL.GD.ZS,Late-demographic dividend,LTE,4.18953990936279,4.25155448913574,4.13194847106934,4.51888704299927
"Government expenditure on education, total (% of GDP)",SE.XPD.TOTL.GD.ZS,Latin America & Caribbean,LCN,4.5422649383545,4.39752006530762,4.13945007324219,4.51769828796387
"Government expenditure on education, total (% of GDP)",SE.XPD.TOTL.GD.ZS,Latin America & Caribbean (excluding high income),LAC,4.76862001419068,4.39752006530762,4.13945007324219,4.51769828796387
"Government expenditure on education, total (% of GDP)",SE.XPD.TOTL.GD.ZS,Latin America & the Caribbean (IDA & IBRD countries),TLA,4.48424005508423,4.39752006530762,4.13945007324219,4.51769828796387
"Government expenditure on education, total (% of GDP)",SE.XPD.TOTL.GD.ZS,Least developed countries: UN classification,LDC,2.84086501598358,3.52892374992371,3.32295989990234,3.24270319938659
"Government expenditure on education, total (% of GDP)",SE.XPD.TOTL.GD.ZS,Low & middle income,LMY,3.54706096649169,3.76526999473572,3.6420978307724,3.99414002895355
"Government expenditure on education, total (% of GDP)",SE.XPD.TOTL.GD.ZS,Low income,LIC,2.68873500823975,3.34989738464356,3.38626492023468,3.57657194137574
"Government expenditure on education, total (% of GDP)",SE.XPD.TOTL.GD.ZS,Lower middle income,LMC,3.58718597888947,3.73344993591309,3.17833650112152,3.71980679035187
"Government expenditure on education, total (% of GDP)",SE.XPD.TOTL.GD.ZS,Middle East & North Africa,MEA,..,4.22749495506287,4.16854500770569,6.1939172744751
"Government expenditure on education, total (% of GDP)",SE.XPD.TOTL.GD.ZS,Middle East & North Africa (excluding high income),MNA,4.05070173740387,3.73344993591309,..,..
"Government expenditure on education, total (% of GDP)",SE.XPD.TOTL.GD.ZS,Middle East & North Africa (IDA & IBRD countries),TMN,..,3.59650993347168,3.68561005592346,..
"Government expenditure on education, total (% of GDP)",SE.XPD.TOTL.GD.ZS,Middle income,MIC,3.69457507133484,3.93130993843079,3.732675075531,4.12560415267944
"Government expenditure on education, total (% of GDP)",SE.XPD.TOTL.GD.ZS,North America,NAC,6.02546191215515,5.02646994590759,4.89199995994568,5.14396500587463
"Government expenditure on education, total (% of GDP)",SE.XPD.TOTL.GD.ZS,Not classified,INX,..,..,..,..
"Government expenditure on education, total (% of GDP)",SE.XPD.TOTL.GD.ZS,OECD members,OED,5.41248989105225,4.96131992340088,4.93008995056152,5.37828016281128
"Government expenditure on education, total (% of GDP)",SE.XPD.TOTL.GD.ZS,Other small states,OSS,5.81807994842529,4.96131992340088,4.87440967559814,4.85627222061157
"Government expenditure on education, total (% of GDP)",SE.XPD.TOTL.GD.ZS,Pacific island small states,PSS,..,..,..,..
"Government expenditure on education, total (% of GDP)",SE.XPD.TOTL.GD.ZS,Post-demographic dividend,PST,5.38442993164063,4.91589999198914,4.91255497932434,5.0860800743103
"Government expenditure on education, total (% of GDP)",SE.XPD.TOTL.GD.ZS,Pre-demographic dividend,PRE,2.84803009033203,3.65234744548798,3.26730489730835,3.25443387031555
"Government expenditure on education, total (% of GDP)",SE.XPD.TOTL.GD.ZS,Small states,SST,5.81807994842529,4.96131992340088,4.87440967559814,4.85627222061157
"Government expenditure on education, total (% of GDP)",SE.XPD.TOTL.GD.ZS,South Asia,SAS,3.377690076828,3.06104683876038,2.33216953277588,2.05718231201172
"Government expenditure on education, total (% of GDP)",SE.XPD.TOTL.GD.ZS,South Asia (IDA & IBRD),TSA,3.377690076828,3.06104683876038,2.33216953277588,2.05718231201172
"Government expenditure on education, total (% of GDP)",SE.XPD.TOTL.GD.ZS,Sub-Saharan Africa,SSF,3.16229999065399,3.73654007911682,3.38626492023468,3.8029705286026
"Government expenditure on education, total (% of GDP)",SE.XPD.TOTL.GD.ZS,Sub-Saharan Africa (excluding high income),SSA,3.16229999065399,3.73654007911682,3.38626492023468,3.8029705286026
"Government expenditure on education, total (% of GDP)",SE.XPD.TOTL.GD.ZS,Sub-Saharan Africa (IDA & IBRD countries),TSS,3.16229999065399,3.73654007911682,3.38626492023468,3.8029705286026
"Government expenditure on education, total (% of GDP)",SE.XPD.TOTL.GD.ZS,Upper middle income,UMC,3.84397292137146,4.14810824394226,4.01092565059662,4.34224486351013
"Government expenditure on education, total (% of GDP)",SE.XPD.TOTL.GD.ZS,World,WLD,4.09432244300842,4.18488502502441,4.09162998199463,4.44135999679565
,,,,,,,
,,,,,,,
,,,,,,,
Data from database: World Development Indicators,,,,,,,
Last Updated: 04/15/2025,,,,,,,
